date;daily_sales
19/06/2025;756938.95
18/06/2025;548047.9
17/06/2025;527263.24
16/06/2025;274648.75
13/06/2025;257327.15
21/06/2025;243646.13
20/06/2025;241303.29
15/06/2025;220014.01
12/06/2025;206320.57
15/03/2025;203470.5
07/06/2025;203254.67
05/06/2025;196390.23
18/05/2025;194770.33
22/05/2025;183805.51
10/06/2025;181905.1
06/06/2025;178280.35
08/04/2025;173769.13
14/06/2025;170727.92
26/05/2025;167367.55
31/05/2025;164819.13
08/05/2025;163441.1
11/05/2025;163194.99
04/05/2025;161289.14
18/06/2024;158580.22
04/06/2025;157801.1
14/01/2025;155283.82
28/09/2024;154659.43
11/04/2025;153742.71
02/06/2025;153314.96
28/02/2025;153290.76
17/02/2025;152768.42
09/04/2025;152454.85
21/01/2025;152036.32
25/04/2025;149940.67
26/12/2024;149020.79
08/06/2025;147969.6
25/03/2025;146658.46
03/05/2025;146637.05
04/04/2025;144277.45
14/05/2025;144238.41
06/04/2025;142441.16
27/05/2025;142368.09
26/01/2025;142133.38
19/01/2025;141245.16
23/12/2024;139117.85
03/06/2025;136811.28
25/05/2024;135899.97
14/02/2025;135378.52
09/06/2025;134876.64
15/04/2025;134299.2
28/04/2025;133250.01
05/04/2025;132086.97
10/04/2024;130668.22
30/09/2024;129519.67
23/04/2025;128813.22
27/01/2025;128290.48
25/11/2024;128285.44
02/10/2024;128047.15
16/03/2025;127856.58
13/03/2025;127231.6
30/05/2025;126942.66
03/04/2025;126924.24
01/06/2025;126679.7
16/05/2025;126091.28
07/03/2025;125927.4
08/02/2025;125676.04
27/02/2025;125386.01
14/03/2025;125096.26
23/02/2025;124291.98
19/05/2025;123778.8
28/03/2025;121943.39
30/11/2024;121938.64
08/10/2024;120347.49
04/11/2024;119943.21
23/05/2025;119275.23
24/02/2025;119137.47
12/05/2025;118830.82
09/05/2025;118544.38
01/04/2025;118325.98
28/01/2025;117984.02
24/04/2025;117647.62
03/08/2024;117216.11
17/04/2025;117017.5
22/10/2024;116349.58
07/05/2025;115626.94
06/11/2024;115385.13
29/06/2024;115089.93
08/03/2025;115033.65
10/09/2024;113619.29
02/03/2025;113400.31
13/06/2023;113133.09
16/04/2025;112869.7
06/12/2024;112385.24
13/05/2025;112264.67
11/06/2025;112106.61
31/12/2024;111777.61
05/02/2025;110696.31
19/11/2024;110684.11
29/12/2024;109179.38
19/08/2024;109028.43
05/06/2024;108947.2
09/01/2023;108529.08
27/12/2024;106871.32
18/02/2024;106205.28
20/05/2025;105873.07
06/06/2024;105531.95
15/05/2024;104805.67
10/10/2024;104594.57
15/05/2025;104470.54
26/02/2025;104456.33
02/01/2024;103871.47
25/05/2025;103855.24
28/05/2025;103374.29
20/04/2025;103126.09
14/04/2024;103028.86
02/12/2024;103003.05
01/05/2025;102951.07
24/06/2024;102877.55
23/03/2025;102113.49
01/01/2025;101833.42
25/01/2025;101454.55
27/02/2023;100835.66
09/03/2025;100726.25
21/05/2025;100654.47
12/11/2024;100444.61
24/10/2024;100443.34
06/02/2025;100109.89
30/04/2025;100068.61
03/12/2024;99374.43
26/04/2025;99303.34
24/05/2025;99109.23
25/03/2023;99034.6
21/10/2024;98944.04
24/07/2024;98936.86
11/06/2024;98925.26
29/03/2025;98759.87
20/03/2025;98433.91
06/03/2025;98206.28
19/04/2025;97747.55
31/03/2025;97192.16
25/02/2025;97027.0
16/12/2024;96834.09
10/03/2025;96747.68
29/08/2024;95681.22
07/02/2025;94929.13
23/01/2025;94841.66
07/12/2024;94722.68
05/10/2024;94576.23
04/04/2024;93854.64
28/10/2023;93789.07
27/03/2022;93689.92
05/05/2024;93647.07
05/05/2025;93218.62
22/03/2023;91889.01
17/12/2024;91177.58
04/12/2024;90932.18
22/03/2025;90722.33
13/04/2025;90620.4
10/02/2025;90445.11
10/04/2025;90126.18
18/04/2025;90122.62
11/07/2024;89868.52
06/09/2023;89840.26
14/10/2024;89761.45
07/04/2025;89572.94
26/08/2024;89474.82
01/10/2024;89445.74
26/06/2024;89197.47
22/08/2023;88920.78
27/07/2024;88826.17
14/08/2024;88744.72
13/07/2023;88543.68
03/01/2025;88261.25
01/07/2024;87878.04
21/04/2025;87748.48
21/01/2024;87715.7
05/03/2025;87666.27
24/01/2025;87431.95
27/08/2024;87423.15
20/06/2024;86967.98
08/04/2024;86794.03
01/04/2024;86673.56
11/03/2024;86652.1
09/12/2024;86292.64
06/11/2023;86255.89
22/12/2022;85812.07
29/05/2025;85517.69
14/12/2024;85275.44
20/12/2024;84607.65
22/12/2024;84555.22
21/03/2025;84492.11
01/09/2024;84378.96
07/07/2024;84304.84
06/08/2024;84004.07
09/04/2024;83680.72
26/11/2024;83570.58
23/04/2024;83463.52
17/08/2024;83239.6
02/04/2025;83238.51
20/11/2023;82257.85
13/08/2024;82114.59
06/05/2025;82066.25
15/01/2025;82045.39
12/04/2025;81980.27
03/03/2025;81620.91
23/02/2024;81577.14
28/10/2024;81555.01
04/01/2025;81535.79
12/02/2025;81284.46
08/01/2025;81232.58
17/02/2024;81122.89
13/08/2023;81118.66
11/03/2023;80994.08
10/01/2025;80957.28
06/10/2021;80682.16
05/08/2024;80664.25
02/06/2024;80550.28
28/12/2024;80317.28
17/09/2024;80244.68
22/09/2024;79983.29
11/09/2024;79578.75
30/08/2024;79289.79
19/09/2024;79284.36
17/10/2024;79278.0
29/01/2024;79080.27
01/01/2023;78784.41
26/08/2023;78555.24
04/02/2025;78480.63
10/05/2025;78133.35
15/10/2024;77880.39
12/11/2023;77875.24
09/07/2024;77836.62
22/01/2025;77822.05
17/03/2025;77438.03
03/02/2023;77036.65
17/11/2024;76779.83
15/02/2025;76736.64
04/09/2024;76639.07
11/03/2025;76414.64
04/02/2024;76369.89
11/01/2025;76237.38
13/12/2023;75947.07
03/03/2024;75809.25
07/12/2023;75662.05
25/10/2024;75517.18
09/09/2024;75338.43
04/08/2024;74785.79
09/01/2025;74729.23
20/12/2022;74457.7
13/10/2024;74317.47
14/04/2025;74066.3
18/02/2025;74032.74
26/04/2023;73706.6
17/05/2025;73433.33
20/02/2023;73160.83
07/02/2024;73010.24
14/09/2024;72974.89
03/03/2023;72541.25
01/11/2024;72431.11
15/12/2023;72338.9
02/02/2025;72256.26
05/11/2024;72220.4
01/08/2024;72144.91
12/12/2024;71898.75
16/02/2024;71780.69
19/02/2025;71768.21
24/02/2024;71656.85
24/03/2025;71584.3
16/08/2024;71520.82
09/10/2024;71370.16
23/10/2024;71136.18
03/10/2024;70950.75
22/10/2023;70846.98
22/04/2025;70696.14
18/11/2024;70649.42
01/03/2025;70424.24
07/10/2020;69876.19
12/07/2023;69867.09
15/06/2024;69838.98
04/10/2024;69781.71
15/12/2022;69537.54
21/11/2024;69515.25
17/06/2024;69406.27
19/12/2024;69377.93
28/05/2024;69223.72
21/10/2023;69114.53
10/11/2024;68978.83
02/05/2025;68915.72
02/01/2025;68755.86
18/03/2025;68610.47
15/09/2023;68538.17
18/10/2024;68461.47
15/04/2024;68420.42
08/09/2024;68045.15
27/11/2024;67889.61
01/12/2024;67837.64
12/03/2025;67752.91
23/05/2022;67598.15
30/07/2024;67259.9
06/05/2023;66986.76
14/06/2024;66903.96
30/12/2022;66870.17
07/10/2024;66813.34
07/01/2025;66753.06
26/05/2023;66616.88
31/01/2025;66551.78
11/10/2024;66402.3
30/03/2024;66181.66
20/12/2023;66114.05
10/08/2024;65610.65
05/12/2021;65508.77
22/12/2023;65428.81
05/09/2024;65027.68
06/08/2023;64852.85
01/03/2023;64703.36
05/07/2023;64686.19
09/11/2023;64514.88
12/09/2024;64449.0
12/08/2024;64164.61
27/02/2024;64067.9
03/10/2019;64050.01
26/11/2023;63575.17
13/06/2024;63425.41
20/11/2024;63364.67
03/06/2024;62912.41
07/11/2024;62799.15
29/11/2024;62738.18
31/08/2024;62713.47
21/04/2024;62703.51
08/07/2024;62351.68
24/12/2023;62236.81
08/11/2024;62194.3
02/10/2023;62085.08
21/07/2023;62018.61
30/10/2023;61992.58
29/04/2025;61855.5
14/10/2022;61512.82
27/09/2024;61506.22
22/02/2025;61408.33
05/12/2024;61337.84
21/09/2024;61117.39
08/06/2024;61073.24
05/02/2024;61052.79
16/09/2024;60952.07
20/10/2024;60775.13
28/01/2023;60655.17
18/03/2024;60570.23
31/03/2024;60268.76
25/12/2021;60035.26
09/07/2021;59972.81
20/02/2025;59925.69
03/01/2024;59839.22
13/11/2024;59772.13
08/12/2024;59446.99
12/10/2024;59136.45
24/08/2023;59028.73
06/10/2024;59003.29
02/05/2024;58993.35
21/02/2025;58974.99
06/01/2025;58942.63
28/11/2024;58862.96
28/02/2024;58793.62
13/12/2024;58741.84
09/05/2024;58695.48
23/06/2024;58642.44
08/10/2023;58635.76
21/03/2022;58601.71
22/11/2022;58502.17
23/05/2023;58335.47
16/04/2024;58323.19
14/02/2021;58315.82
19/03/2022;58228.62
29/11/2022;58210.44
03/02/2025;57983.39
12/03/2023;57981.93
14/08/2021;57963.91
25/09/2023;57922.72
31/01/2024;57900.76
21/06/2024;57853.31
10/06/2024;57837.74
09/06/2024;57828.66
13/12/2022;57814.4
28/12/2023;57805.0
15/11/2024;57798.39
15/01/2024;57546.36
11/01/2024;57519.4
16/10/2024;57128.48
18/04/2023;57107.15
05/11/2023;56670.46
17/03/2024;56662.61
07/04/2023;56644.96
29/03/2024;56376.49
18/06/2023;56180.64
13/02/2025;55886.12
05/08/2022;55862.01
24/05/2024;55784.6
11/03/2022;55735.25
30/04/2024;55730.83
19/11/2023;55686.97
12/08/2023;55631.76
30/01/2025;55629.02
20/09/2024;55574.25
27/08/2023;55467.34
02/08/2024;55378.44
03/09/2024;55284.35
19/06/2024;55265.84
29/10/2024;55182.9
14/08/2023;54942.18
19/03/2024;54920.91
16/01/2025;54773.79
19/10/2024;54731.29
06/01/2021;54648.34
25/08/2024;54626.06
15/07/2023;54509.61
23/09/2024;54367.26
07/09/2024;54327.33
24/08/2022;54323.06
10/11/2023;54142.62
16/06/2024;54075.05
09/06/2022;54013.75
02/11/2024;53688.88
20/01/2025;53620.77
15/03/2024;53425.69
27/03/2024;53365.15
23/07/2024;53332.31
28/03/2023;53144.84
05/12/2023;53127.9
06/09/2024;53071.32
30/01/2024;53032.38
12/10/2020;52994.02
22/08/2024;52885.74
08/09/2023;52779.05
30/10/2024;52723.31
01/02/2025;52652.73
07/08/2024;52648.29
27/06/2023;52621.15
15/02/2023;52578.36
06/05/2024;52548.17
12/01/2025;52535.37
24/06/2023;52514.19
24/12/2024;52504.47
24/09/2024;52289.01
25/12/2023;52158.5
02/02/2024;52098.47
04/05/2024;51533.96
15/12/2024;51420.56
19/12/2023;51119.87
24/11/2021;50960.68
02/07/2024;50928.97
21/03/2024;50901.62
29/06/2021;50857.86
31/12/2023;50755.2
25/09/2024;50627.23
12/05/2024;50626.11
02/04/2023;50522.13
27/05/2024;50453.64
25/06/2024;50414.77
30/03/2025;50308.23
19/09/2023;50264.23
07/11/2023;50179.25
23/09/2023;50153.72
10/12/2024;49999.42
12/05/2023;49859.68
19/11/2022;49832.75
17/05/2024;49800.93
19/09/2022;49704.15
26/09/2024;49599.24
24/11/2024;49577.01
29/09/2021;49551.15
16/11/2023;49480.29
19/07/2024;49447.5
17/10/2020;49302.68
04/10/2023;49146.13
03/01/2023;49116.87
20/10/2023;49044.57
27/04/2024;49016.01
04/01/2024;49001.49
14/12/2023;48983.66
01/08/2022;48912.75
11/12/2022;48862.05
22/02/2023;48855.37
24/06/2021;48851.1
26/03/2025;48840.37
31/10/2024;48833.5
25/10/2022;48829.62
02/07/2022;48793.78
27/06/2024;48779.1
05/07/2024;48617.07
26/12/2022;48346.29
29/10/2023;48335.61
21/09/2020;48188.57
27/09/2023;48184.98
15/02/2024;48184.49
17/01/2024;48037.22
21/08/2024;48034.11
30/07/2023;47836.8
22/06/2024;47832.52
03/09/2023;47684.28
24/01/2024;47542.98
31/07/2021;47476.36
29/05/2024;47401.82
30/12/2023;47278.8
20/02/2024;47235.61
09/11/2024;47087.97
28/07/2024;47074.93
06/01/2024;47067.24
04/02/2021;47062.54
07/09/2021;47024.46
25/12/2024;46893.1
04/05/2023;46855.39
31/10/2023;46837.86
20/04/2024;46795.93
14/07/2022;46727.65
29/10/2022;46711.06
07/04/2024;46624.98
25/01/2024;46600.73
16/02/2025;46348.6
03/06/2023;46087.48
30/07/2022;45976.02
23/02/2023;45852.95
04/03/2024;45819.86
25/11/2023;45753.81
11/11/2022;45682.46
08/07/2022;45621.5
12/12/2023;45614.52
01/05/2024;45597.77
28/09/2022;45548.27
04/09/2023;45516.81
01/03/2024;45397.91
27/02/2022;45380.87
04/12/2022;45376.06
18/01/2025;45334.01
03/04/2024;45260.1
11/05/2024;45249.55
11/02/2025;45212.77
30/11/2022;45136.26
01/11/2023;45134.57
15/07/2024;45115.72
06/01/2023;45110.69
30/11/2023;44886.85
11/11/2023;44848.96
07/08/2022;44773.36
29/09/2024;44703.68
12/06/2024;44677.92
29/12/2023;44674.46
30/05/2022;44454.13
02/03/2023;44408.06
22/07/2024;44404.51
10/09/2022;44360.31
19/03/2025;44347.14
20/10/2022;44326.57
19/05/2022;44162.47
16/03/2024;44155.33
23/08/2024;44085.09
27/03/2025;44041.57
20/08/2024;43957.39
12/02/2023;43896.34
28/10/2022;43894.95
15/11/2023;43877.42
07/03/2024;43860.92
29/07/2023;43788.94
27/10/2023;43702.53
13/01/2024;43634.7
19/05/2024;43634.18
21/03/2021;43486.67
19/04/2024;43478.24
16/09/2022;43442.93
10/04/2022;43435.47
07/05/2024;43386.16
30/03/2022;43155.12
06/07/2023;43154.98
08/11/2022;43116.81
29/05/2023;43042.28
08/01/2022;43003.84
16/01/2024;42964.54
27/12/2023;42850.06
02/11/2022;42838.78
07/01/2021;42709.12
12/01/2024;42622.99
06/12/2023;42614.54
02/03/2022;42489.39
21/05/2023;42453.66
11/07/2023;42448.93
28/02/2023;42399.62
31/05/2022;42254.69
03/12/2022;42208.34
19/10/2022;42167.9
26/02/2024;41914.63
19/01/2024;41886.37
14/10/2023;41703.64
20/04/2023;41623.09
21/12/2023;41571.63
01/05/2023;41547.87
17/05/2022;41449.2
14/05/2024;41409.29
29/01/2025;41291.3
29/04/2024;41222.91
22/07/2023;41218.21
26/08/2020;41185.61
20/03/2024;41156.32
09/02/2025;41149.75
21/08/2023;41126.42
29/04/2022;41118.92
24/03/2024;41112.4
18/09/2024;41068.93
06/10/2022;41033.91
18/08/2024;41007.13
07/03/2023;40955.41
12/12/2021;40921.74
05/09/2022;40915.9
13/01/2021;40763.51
21/07/2021;40710.69
17/09/2023;40700.08
08/10/2022;40605.56
14/03/2022;40551.28
21/04/2023;40491.09
01/01/2024;40490.2
24/08/2024;40459.01
16/11/2024;40419.21
16/08/2022;40357.07
06/04/2023;40263.65
11/06/2021;40217.64
07/03/2022;40002.87
05/04/2023;39939.3
20/07/2024;39886.78
05/12/2020;39873.92
14/04/2022;39799.93
11/02/2024;39757.95
13/07/2022;39680.03
23/03/2024;39634.49
08/06/2023;39585.12
11/08/2023;39584.19
07/12/2021;39580.75
29/07/2024;39448.99
31/08/2023;39343.42
25/09/2021;39337.97
28/03/2024;39289.78
28/08/2024;39289.57
30/05/2024;39276.22
25/12/2020;39236.4
08/05/2021;39226.57
08/10/2021;39204.9
07/09/2023;39203.58
25/04/2023;39125.18
18/03/2023;39119.95
30/05/2021;39102.84
24/11/2019;39036.31
31/07/2024;38992.91
12/07/2024;38910.11
04/08/2023;38864.3
19/06/2023;38835.84
01/06/2024;38828.15
05/01/2025;38813.72
18/09/2021;38761.77
25/01/2023;38707.46
26/09/2022;38627.31
10/02/2024;38605.18
18/12/2024;38461.36
18/03/2022;38304.62
18/07/2024;38298.07
09/12/2023;38206.83
23/11/2024;38188.62
20/08/2022;38149.0
20/01/2023;38119.83
24/04/2024;38041.77
24/07/2022;38037.39
29/01/2023;37988.2
27/04/2020;37979.74
22/02/2024;37922.46
13/01/2022;37818.79
18/11/2023;37791.86
15/04/2021;37779.81
02/12/2023;37755.36
18/08/2023;37753.7
11/12/2024;37690.38
03/05/2024;37683.8
20/01/2024;37662.11
13/12/2021;37604.31
24/11/2022;37593.78
14/09/2022;37587.79
08/09/2021;37513.99
01/02/2022;37420.33
17/06/2023;37414.53
05/10/2023;37338.38
16/05/2024;37274.49
14/11/2024;37271.93
02/01/2023;37240.88
10/10/2022;37230.05
21/05/2024;37225.81
07/12/2022;37219.44
03/07/2024;37139.61
26/03/2024;37069.49
01/03/2022;37025.74
03/12/2021;36988.88
20/06/2022;36980.24
06/08/2021;36915.44
15/03/2023;36712.73
13/04/2024;36649.91
08/08/2021;36649.13
06/04/2024;36552.51
23/03/2023;36516.68
21/04/2022;36453.29
27/07/2023;36435.24
16/12/2022;36388.46
08/05/2024;36325.24
17/08/2021;36305.42
18/04/2022;36255.04
04/07/2024;36210.1
25/03/2024;36208.39
09/11/2022;36206.92
25/11/2020;36065.63
31/12/2020;35976.51
09/06/2023;35888.55
17/04/2024;35877.55
08/08/2022;35858.24
18/04/2024;35792.86
26/07/2022;35764.65
13/10/2020;35722.27
20/03/2023;35666.99
07/07/2023;35657.51
26/10/2024;35631.94
28/11/2022;35615.22
30/08/2022;35593.82
18/01/2024;35544.44
21/02/2023;35543.22
20/09/2023;35463.59
08/03/2024;35458.47
30/11/2020;35457.13
02/03/2024;35449.95
18/10/2023;35424.64
22/06/2023;35319.06
23/01/2024;35295.5
24/09/2023;35292.28
01/12/2023;35280.2
12/11/2022;35226.63
12/02/2024;35220.63
15/05/2023;35213.0
30/10/2021;35209.17
09/09/2023;35171.62
13/11/2022;35090.35
13/10/2023;35081.22
17/01/2023;35031.24
07/05/2023;34992.87
08/03/2022;34970.36
21/05/2022;34903.01
28/01/2022;34884.9
28/11/2023;34872.38
05/05/2022;34857.76
04/06/2023;34807.5
10/12/2023;34789.79
30/04/2023;34773.38
22/11/2023;34540.25
07/06/2024;34382.08
04/01/2023;34373.53
08/02/2024;34366.29
30/09/2023;34362.96
22/01/2024;34333.95
17/10/2022;34320.43
11/11/2024;34311.48
22/08/2022;34278.66
10/06/2022;34228.9
16/08/2023;34209.28
11/02/2023;34175.68
17/07/2024;34085.07
31/03/2022;33945.85
31/05/2024;33929.12
13/02/2022;33868.69
25/04/2024;33852.32
04/06/2024;33799.26
21/07/2024;33793.95
24/10/2023;33763.3
15/08/2020;33756.69
10/02/2023;33720.07
13/01/2025;33700.08
12/10/2022;33637.58
26/07/2023;33620.67
29/04/2023;33604.49
10/05/2024;33540.62
15/01/2023;33512.68
01/08/2023;33371.44
17/08/2023;33335.25
29/09/2022;33154.69
20/01/2021;33086.19
13/03/2024;33069.91
13/05/2021;32975.56
05/01/2023;32928.66
29/12/2022;32759.33
31/05/2023;32753.98
16/12/2023;32740.88
05/11/2021;32705.68
22/09/2021;32679.03
05/03/2024;32667.37
29/08/2021;32631.25
05/10/2022;32621.98
02/08/2022;32572.72
23/05/2024;32544.67
12/07/2021;32482.11
06/06/2023;32465.75
08/11/2021;32465.7
22/04/2024;32441.11
23/02/2020;32417.5
22/11/2024;32413.64
24/12/2021;32388.29
25/09/2022;32385.41
23/11/2023;32326.26
15/05/2020;32314.53
10/01/2024;32264.74
05/02/2023;32245.75
17/11/2023;32239.81
17/11/2022;32225.11
30/07/2021;32212.07
04/10/2022;32150.05
02/07/2021;32133.07
03/02/2024;32120.81
23/05/2021;32021.77
29/09/2023;31959.84
30/10/2022;31889.27
04/03/2025;31821.79
03/11/2023;31813.12
17/01/2022;31779.29
18/01/2022;31772.76
21/12/2021;31669.38
27/11/2021;31629.81
24/06/2020;31623.16
23/10/2023;31489.93
05/04/2022;31428.38
17/12/2022;31408.75
16/01/2021;31376.44
14/06/2023;31366.47
04/11/2023;31330.03
09/02/2023;31315.92
09/02/2024;31297.9
18/08/2022;31274.95
24/05/2023;31216.76
01/09/2023;31209.56
10/09/2023;31207.79
12/06/2023;31079.83
11/06/2023;31052.73
27/01/2024;31048.32
29/12/2021;31013.15
02/05/2023;31011.86
30/06/2024;30921.63
07/01/2023;30907.45
14/12/2022;30870.84
02/05/2021;30846.92
25/07/2024;30842.53
05/01/2024;30838.5
27/01/2021;30799.59
21/06/2023;30712.7
09/03/2023;30690.47
28/08/2022;30660.79
20/07/2021;30637.32
21/08/2021;30539.73
25/05/2023;30538.8
18/11/2022;30479.5
03/07/2022;30440.01
14/07/2024;30433.59
13/10/2022;30424.48
02/12/2022;30408.18
22/02/2022;30404.12
19/05/2023;30388.37
02/09/2024;30324.48
11/04/2024;30291.25
27/11/2023;30177.37
11/09/2023;30123.63
23/01/2021;30102.85
10/10/2023;29992.87
21/11/2023;29977.87
15/11/2022;29963.77
15/10/2023;29955.34
22/08/2021;29954.2
04/09/2021;29936.75
26/08/2022;29926.13
10/07/2023;29924.54
14/12/2020;29901.84
17/05/2020;29833.25
09/12/2022;29823.31
24/07/2021;29655.38
30/08/2023;29637.03
25/10/2023;29635.07
07/01/2024;29607.13
19/03/2023;29596.75
08/03/2023;29567.92
06/06/2021;29447.69
19/12/2021;29435.91
09/08/2024;29381.53
16/09/2023;29358.85
24/09/2022;29246.73
19/10/2021;29241.05
27/10/2020;29200.01
27/04/2025;29197.54
22/03/2024;29193.53
30/12/2024;29186.43
07/10/2023;29120.41
28/09/2021;29118.38
14/04/2023;29111.14
02/12/2019;29064.88
03/07/2023;29064.49
02/10/2022;29042.41
09/11/2021;29034.97
10/01/2020;28985.07
22/09/2022;28958.91
17/01/2025;28919.29
17/07/2023;28916.64
15/03/2022;28847.28
02/07/2023;28701.24
10/01/2023;28685.47
20/05/2022;28678.49
24/12/2022;28669.63
21/09/2023;28656.26
20/04/2022;28582.39
20/08/2023;28555.26
16/01/2022;28541.09
23/01/2023;28508.49
04/04/2021;28449.57
18/01/2023;28387.82
16/04/2022;28372.25
24/10/2020;28336.51
19/01/2022;28330.95
10/03/2024;28324.11
02/06/2022;28259.76
12/10/2023;28224.4
24/07/2023;28217.99
19/04/2022;28082.44
25/03/2022;28080.15
04/11/2021;28070.71
08/05/2023;28034.57
14/01/2022;28014.54
08/08/2024;27880.72
15/09/2024;27848.09
22/05/2021;27844.26
14/09/2023;27841.5
20/09/2022;27830.64
26/02/2021;27814.89
24/09/2021;27810.98
04/09/2022;27776.15
03/10/2023;27732.83
17/08/2022;27710.96
14/02/2022;27709.55
24/01/2023;27614.51
02/09/2023;27568.87
28/06/2024;27552.44
06/03/2024;27545.47
05/09/2023;27533.55
21/11/2022;27488.31
19/01/2023;27468.15
21/12/2024;27450.26
22/03/2021;27442.77
18/12/2021;27369.32
04/07/2023;27263.89
03/11/2024;27262.61
04/02/2020;27216.41
16/11/2022;27179.78
06/01/2022;27169.24
04/07/2021;27111.94
19/11/2021;27094.06
28/07/2023;27032.23
21/10/2021;27014.54
19/02/2024;27004.5
28/08/2023;26971.31
19/02/2022;26968.95
13/09/2019;26946.5
20/06/2020;26924.05
07/05/2022;26732.11
07/07/2022;26687.13
25/02/2022;26686.12
04/03/2023;26670.62
27/03/2021;26609.01
11/11/2020;26545.33
31/10/2020;26525.58
05/03/2023;26511.51
15/04/2022;26500.4
02/08/2023;26456.34
23/07/2021;26444.99
09/08/2020;26392.25
27/05/2021;26332.12
28/07/2022;26291.49
09/10/2023;26285.81
02/08/2020;26263.43
21/02/2024;26194.81
02/06/2023;26191.15
27/10/2024;26167.15
08/12/2022;26164.27
03/12/2023;26147.35
06/10/2023;26137.98
28/05/2023;26093.73
09/08/2022;26093.56
25/07/2020;26036.58
06/02/2022;26020.2
04/04/2022;26009.2
23/12/2023;25999.33
26/06/2023;25936.95
19/05/2021;25820.1
18/09/2022;25662.05
24/10/2021;25642.39
12/08/2022;25625.76
29/08/2023;25520.41
13/11/2023;25510.07
03/10/2020;25503.24
24/06/2022;25491.83
05/02/2022;25423.26
01/10/2022;25405.05
16/06/2023;25377.85
22/05/2024;25367.39
13/04/2023;25296.21
27/02/2021;25275.34
09/01/2024;25230.55
11/07/2022;25225.8
18/11/2020;25139.3
15/07/2022;25009.14
25/07/2023;24993.69
17/11/2021;24985.49
11/01/2021;24891.78
08/09/2022;24817.89
26/07/2024;24813.62
02/04/2024;24738.1
07/02/2022;24649.9
06/06/2020;24623.89
17/03/2023;24534.34
13/09/2022;24419.75
13/02/2023;24390.53
23/10/2022;24362.85
17/02/2023;24292.22
29/11/2020;24282.86
31/03/2023;24219.88
26/01/2024;24189.14
18/06/2020;24161.59
20/05/2024;24159.46
10/07/2024;24135.47
07/06/2022;24087.18
07/06/2021;24084.36
10/05/2023;23996.41
26/02/2023;23989.68
18/11/2021;23875.25
31/12/2021;23873.32
06/07/2024;23870.02
13/09/2024;23856.48
17/07/2021;23791.9
20/11/2021;23776.66
23/01/2022;23776.03
10/02/2022;23590.17
09/04/2023;23584.78
22/04/2022;23564.45
15/09/2021;23564.32
23/02/2021;23536.95
29/02/2024;23533.48
26/12/2023;23449.05
30/06/2023;23446.34
26/10/2022;23432.73
01/11/2022;23419.47
03/09/2021;23409.27
26/10/2023;23294.66
20/05/2023;23287.29
19/08/2022;23269.52
01/06/2023;23249.42
27/03/2023;23171.84
22/06/2021;23160.63
27/07/2022;23151.54
12/01/2023;23135.73
14/11/2022;23105.03
29/06/2023;22925.91
12/01/2021;22870.72
27/09/2022;22860.3
14/03/2023;22836.98
02/02/2023;22831.87
14/08/2020;22812.11
07/02/2023;22780.83
19/07/2022;22708.16
28/09/2023;22704.36
28/04/2023;22677.78
30/11/2021;22584.35
16/02/2023;22580.27
09/02/2022;22556.61
09/05/2021;22510.1
08/06/2022;22492.46
30/12/2020;22469.06
28/05/2022;22468.02
13/06/2022;22465.75
03/05/2022;22433.36
25/07/2022;22422.6
05/08/2023;22400.51
13/03/2022;22371.17
21/11/2021;22364.36
03/11/2021;22317.26
20/02/2021;22308.49
10/09/2020;22290.37
16/07/2024;22227.85
18/05/2024;22180.39
02/08/2021;22157.2
13/02/2021;22120.35
20/06/2023;21988.66
21/08/2022;21948.44
14/05/2022;21888.25
24/03/2022;21869.67
05/07/2022;21829.46
26/09/2020;21826.92
18/10/2021;21822.17
28/01/2024;21733.47
11/08/2024;21713.76
12/09/2022;21660.99
05/12/2022;21657.13
16/01/2023;21630.1
23/07/2023;21620.42
31/07/2023;21610.34
28/04/2024;21579.51
01/12/2022;21494.05
24/11/2023;21422.57
28/03/2022;21394.78
01/04/2020;21334.35
20/03/2022;21232.94
19/07/2020;21198.51
02/04/2022;21182.35
19/08/2020;21163.52
25/08/2023;21160.68
29/07/2021;21095.0
04/03/2022;21048.36
23/03/2021;21004.21
09/10/2022;20931.07
22/04/2021;20909.9
08/02/2023;20885.69
07/09/2022;20883.0
23/06/2023;20866.51
05/01/2022;20740.19
01/07/2023;20617.28
15/02/2022;20529.22
28/08/2021;20484.87
04/11/2022;20483.96
06/06/2022;20483.37
23/07/2022;20473.42
23/12/2022;20406.97
04/02/2023;20403.79
13/11/2020;20363.98
15/12/2020;20339.52
26/08/2021;20333.69
08/11/2023;20261.97
14/11/2023;20244.63
17/12/2023;20208.0
06/07/2021;20188.33
09/01/2021;20187.9
22/03/2020;20173.77
24/02/2021;20163.14
28/06/2023;20155.67
05/05/2023;20067.07
10/07/2022;20047.99
14/02/2023;20030.04
11/10/2021;19960.64
25/01/2021;19879.84
06/07/2022;19862.58
22/01/2020;19831.5
23/09/2022;19796.07
30/04/2022;19762.43
16/06/2022;19744.98
16/04/2021;19740.02
10/07/2021;19694.37
06/11/2019;19683.88
25/06/2022;19669.62
26/11/2021;19654.72
22/02/2021;19645.35
06/12/2022;19616.62
25/05/2020;19551.99
15/08/2023;19458.87
04/01/2020;19437.77
07/04/2021;19389.02
24/03/2021;19379.3
13/04/2021;19372.78
04/07/2022;19368.21
14/08/2022;19353.22
26/01/2023;19348.06
29/01/2022;19306.55
16/03/2021;19274.07
30/12/2021;19262.66
19/08/2021;19237.11
08/12/2023;19225.36
30/05/2023;19215.47
11/01/2023;19190.12
08/07/2023;19157.43
03/11/2022;19149.8
07/10/2021;19142.74
10/01/2021;19109.03
11/11/2021;19098.25
16/03/2023;19072.55
03/02/2022;19054.57
11/08/2021;19048.82
11/11/2019;19011.56
09/09/2022;19004.44
27/08/2021;18981.26
10/11/2021;18980.4
17/04/2023;18919.09
08/11/2020;18915.44
26/04/2022;18898.52
13/05/2024;18894.51
09/05/2023;18835.42
22/05/2022;18828.57
26/09/2021;18784.5
18/12/2023;18760.85
14/02/2024;18734.26
03/12/2020;18690.81
15/06/2023;18657.12
01/02/2024;18651.98
05/04/2024;18640.65
21/12/2022;18628.97
17/10/2023;18593.87
08/08/2023;18561.75
23/04/2022;18561.39
24/04/2023;18547.06
13/04/2022;18528.26
09/07/2023;18516.07
20/01/2022;18510.45
20/07/2023;18453.09
22/06/2022;18392.67
18/02/2023;18378.79
28/07/2020;18356.4
19/02/2023;18343.77
29/11/2021;18246.32
01/09/2022;18238.55
21/10/2022;18235.5
12/03/2024;18220.68
13/05/2022;18171.47
08/01/2024;18170.08
26/11/2022;18111.64
11/09/2021;18090.19
26/09/2023;18058.1
11/12/2023;18050.79
01/10/2023;18006.46
11/10/2023;18003.72
19/04/2023;17970.26
15/08/2024;17939.81
06/02/2023;17924.28
22/10/2021;17880.24
26/07/2021;17876.56
14/05/2020;17867.51
17/07/2022;17854.32
25/04/2020;17843.36
27/05/2022;17818.03
10/11/2020;17668.2
17/10/2021;17642.57
11/01/2022;17615.93
18/12/2019;17532.83
01/08/2021;17494.31
27/08/2022;17489.1
23/06/2022;17482.08
26/04/2024;17471.79
24/01/2020;17465.15
28/02/2021;17406.82
25/04/2022;17323.62
23/10/2020;17310.8
08/02/2022;17295.03
15/03/2021;17270.38
17/05/2023;17238.51
07/06/2023;17146.7
01/07/2022;17107.49
20/10/2021;17099.71
16/04/2023;17074.85
16/07/2023;16986.53
23/08/2022;16960.12
26/05/2024;16867.13
18/02/2021;16853.7
22/06/2020;16815.1
16/05/2022;16788.16
16/10/2023;16788.14
19/09/2021;16707.65
11/04/2023;16665.27
19/10/2023;16653.53
10/11/2022;16587.27
04/05/2022;16557.95
16/12/2021;16494.81
03/04/2023;16356.42
11/09/2020;16303.75
07/07/2021;16298.33
30/01/2023;16292.2
21/03/2023;16272.92
12/11/2021;16262.61
10/12/2022;16218.96
28/04/2021;16190.73
19/07/2023;16156.64
18/12/2022;16110.04
23/04/2023;16044.98
02/10/2019;16002.09
07/12/2020;15984.15
27/06/2020;15933.12
12/03/2021;15846.77
27/10/2022;15838.47
25/07/2021;15833.86
15/08/2021;15797.05
28/11/2021;15757.37
28/12/2022;15747.2
08/09/2020;15653.46
25/11/2022;15588.22
17/11/2019;15505.81
09/03/2024;15481.02
22/07/2022;15455.03
21/02/2022;15444.64
06/10/2019;15416.28
29/06/2020;15396.25
21/04/2021;15385.07
28/07/2021;15281.07
23/11/2022;15238.91
02/02/2020;15196.2
01/11/2021;15174.5
24/02/2023;15172.1
05/07/2020;15142.59
15/06/2022;15118.2
05/05/2020;15108.6
23/12/2020;15074.09
06/12/2019;15063.33
14/07/2021;14988.82
11/04/2022;14942.84
23/12/2019;14939.5
08/07/2021;14928.49
22/10/2022;14900.89
19/06/2022;14883.38
03/08/2023;14845.58
31/01/2021;14841.84
20/01/2020;14821.96
07/10/2022;14798.54
02/01/2022;14762.59
26/03/2023;14757.63
01/05/2022;14731.04
04/12/2021;14695.83
02/06/2021;14672.88
01/10/2021;14642.58
06/03/2023;14584.13
02/09/2022;14565.49
31/08/2022;14561.98
20/07/2022;14548.29
31/12/2022;14510.91
12/04/2023;14499.74
31/05/2019;14441.64
30/03/2021;14386.58
27/08/2020;14300.55
16/05/2023;14283.48
30/03/2023;14272.55
22/01/2021;14269.98
27/12/2020;14249.89
12/10/2021;14233.97
24/03/2023;14188.29
18/04/2020;14176.11
04/03/2021;14137.75
25/03/2021;14125.89
25/11/2021;14106.91
04/12/2023;14079.43
10/03/2021;14058.84
05/03/2022;14047.67
15/10/2022;14046.81
09/04/2022;14035.44
04/02/2022;14003.91
11/05/2022;13982.22
23/12/2021;13955.99
06/08/2022;13943.3
09/02/2021;13939.34
01/04/2023;13924.1
21/07/2022;13912.47
01/02/2023;13892.71
09/03/2022;13888.2
09/08/2023;13872.42
13/07/2024;13854.44
10/08/2022;13844.74
13/09/2023;13836.1
10/03/2022;13731.82
23/08/2019;13713.62
17/09/2021;13697.35
27/04/2021;13683.47
15/06/2020;13645.4
15/05/2021;13635.38
23/08/2021;13611.78
31/10/2022;13574.88
17/05/2021;13572.9
14/07/2023;13568.8
14/01/2020;13551.75
25/02/2024;13540.22
12/07/2022;13498.96
08/04/2023;13484.25
25/01/2022;13464.99
20/05/2019;13432.98
13/05/2023;13419.87
26/12/2021;13403.92
22/03/2022;13348.31
28/05/2019;13318.05
20/09/2019;13301.16
18/12/2020;13300.48
02/12/2021;13252.44
29/11/2023;13233.98
08/03/2021;13232.19
25/02/2023;13222.94
31/01/2022;13222.6
30/09/2022;13218.74
16/05/2021;13177.8
24/05/2022;13174.93
07/11/2020;13154.95
21/01/2022;13148.5
22/05/2023;13130.25
10/10/2021;13110.83
04/03/2020;13046.05
13/02/2024;13042.2
18/05/2023;13014.66
25/12/2022;12976.08
30/08/2021;12968.32
10/05/2021;12966.0
06/01/2020;12934.88
12/09/2023;12924.37
26/04/2021;12891.55
14/03/2024;12864.11
03/06/2022;12858.79
19/12/2020;12850.95
11/08/2019;12832.56
20/02/2022;12815.14
30/06/2022;12742.47
27/04/2022;12733.65
08/04/2021;12711.19
04/01/2021;12690.23
29/08/2019;12656.34
21/01/2023;12613.25
02/11/2023;12499.74
07/08/2023;12489.01
06/11/2020;12387.48
29/06/2022;12355.15
16/07/2019;12314.46
15/01/2021;12307.5
12/02/2022;12278.15
22/12/2021;12249.0
22/09/2019;12225.93
29/03/2020;12187.2
17/03/2022;12178.65
11/10/2020;12172.79
21/09/2022;12143.92
17/11/2020;12127.8
11/08/2022;12052.81
18/08/2021;12009.88
04/10/2021;11950.0
06/11/2022;11934.6
05/11/2020;11926.83
28/06/2021;11917.37
06/09/2022;11911.29
25/08/2020;11887.74
15/11/2020;11857.76
18/09/2023;11835.85
16/08/2021;11818.38
18/05/2022;11802.57
01/06/2020;11740.93
20/05/2021;11717.46
19/12/2022;11706.98
24/07/2020;11660.57
17/01/2021;11607.46
03/05/2023;11604.86
02/11/2019;11590.28
05/03/2021;11541.12
27/04/2023;11464.7
12/11/2019;11437.93
03/03/2022;11433.15
03/03/2021;11430.95
18/01/2021;11427.5
20/12/2019;11425.8
09/06/2020;11311.61
12/06/2022;11310.68
01/09/2020;11285.64
20/06/2021;11244.04
06/04/2022;11203.35
14/06/2022;11148.75
27/01/2022;11148.34
05/06/2023;11131.39
27/11/2022;11095.8
29/03/2022;11035.29
18/04/2021;10918.6
28/12/2019;10885.63
03/10/2022;10878.94
23/02/2022;10821.37
02/12/2020;10821.23
02/10/2021;10802.86
06/05/2022;10793.16
05/11/2022;10782.17
27/05/2023;10773.28
17/06/2022;10733.01
27/01/2023;10727.76
17/04/2022;10724.26
16/10/2022;10709.48
29/09/2020;10676.01
17/02/2021;10669.51
15/08/2022;10664.0
06/02/2021;10630.25
15/12/2021;10602.62
28/01/2021;10579.08
23/08/2023;10574.33
24/12/2020;10570.34
13/01/2023;10555.11
18/11/2019;10552.86
13/08/2022;10482.61
06/02/2024;10456.07
11/02/2022;10416.6
29/07/2022;10359.1
28/10/2021;10330.32
10/04/2023;10330.15
06/08/2020;10279.88
15/11/2021;10265.28
09/07/2022;10232.71
10/03/2019;10192.73
04/08/2022;10191.76
16/07/2021;10143.42
15/10/2020;10119.15
09/12/2021;10113.45
04/06/2022;10106.29
17/06/2021;10081.22
26/11/2020;10067.94
27/09/2021;10055.96
10/05/2022;10055.87
12/05/2022;10039.79
30/12/2019;10006.87
27/12/2022;9985.63
15/10/2021;9977.46
11/10/2022;9977.4
02/11/2021;9962.11
10/01/2022;9957.56
15/05/2022;9955.97
28/10/2020;9945.53
18/07/2022;9941.89
31/08/2021;9932.11
16/09/2021;9912.48
25/06/2023;9839.65
11/09/2022;9778.26
21/04/2019;9765.62
10/08/2023;9704.1
23/03/2020;9678.2
03/06/2021;9661.21
13/03/2023;9644.98
14/01/2024;9616.3
25/08/2021;9582.92
03/09/2022;9579.62
11/06/2022;9576.33
03/04/2022;9571.84
30/05/2020;9548.8
09/02/2020;9547.76
10/06/2020;9543.71
30/08/2020;9518.57
12/04/2024;9512.14
24/01/2022;9510.98
01/06/2021;9509.41
10/03/2023;9488.55
07/04/2022;9482.19
07/09/2020;9466.07
04/09/2020;9457.76
01/07/2020;9432.29
07/01/2020;9428.31
23/10/2021;9383.6
29/04/2021;9332.59
19/02/2020;9295.0
15/07/2021;9290.47
12/03/2022;9262.88
06/11/2021;9225.08
19/08/2023;9223.41
05/10/2020;9198.58
09/06/2021;9187.35
20/11/2022;9173.34
16/10/2020;9168.16
08/04/2022;9139.06
17/07/2020;9116.44
02/07/2020;9114.42
09/05/2022;9094.96
26/03/2022;9091.43
12/07/2019;9067.97
29/08/2022;9015.1
07/11/2019;9007.0
08/06/2020;9003.31
06/09/2020;8990.6
01/07/2021;8989.24
12/09/2020;8960.85
18/07/2021;8919.58
15/01/2022;8919.56
26/01/2022;8910.7
13/01/2020;8910.03
05/04/2021;8838.29
05/02/2021;8751.18
18/10/2020;8736.5
20/09/2021;8665.61
05/09/2021;8654.07
24/04/2022;8620.36
29/12/2020;8594.61
16/12/2020;8551.3
07/03/2019;8545.02
16/06/2020;8542.25
07/11/2021;8512.21
02/09/2020;8500.97
26/10/2019;8490.9
30/01/2020;8479.47
20/04/2021;8449.05
16/06/2021;8415.51
01/02/2021;8378.49
28/05/2020;8356.5
04/04/2023;8323.26
28/04/2020;8322.07
08/03/2020;8302.05
02/06/2019;8267.25
19/04/2021;8261.84
25/06/2020;8252.53
07/05/2021;8225.56
11/04/2021;8208.41
18/03/2021;8151.21
27/02/2020;8106.0
21/04/2020;7985.8
30/01/2022;7964.96
02/02/2021;7942.05
27/09/2020;7924.07
17/08/2020;7912.02
01/12/2019;7890.75
05/06/2021;7885.6
01/06/2022;7882.67
11/05/2023;7864.0
23/03/2022;7862.05
26/10/2020;7839.38
18/10/2022;7823.5
14/10/2021;7818.4
10/08/2021;7806.99
28/03/2021;7777.2
17/09/2022;7755.2
22/01/2022;7731.17
31/08/2019;7703.67
19/12/2019;7688.5
09/04/2020;7601.05
26/01/2021;7585.89
15/12/2019;7585.42
24/02/2022;7568.0
06/04/2019;7545.0
05/10/2021;7539.85
21/06/2022;7511.4
23/06/2021;7498.81
13/10/2021;7498.07
31/07/2022;7485.06
09/05/2020;7470.17
15/02/2021;7462.19
12/07/2020;7456.06
05/06/2020;7421.69
08/07/2020;7421.16
02/03/2020;7420.0
15/09/2022;7389.75
19/06/2021;7376.84
26/03/2021;7354.67
25/05/2022;7348.23
25/06/2021;7342.56
30/07/2020;7318.77
16/02/2022;7296.4
02/05/2022;7282.5
11/07/2019;7249.2
05/05/2021;7248.63
04/08/2021;7244.97
10/04/2021;7237.38
17/12/2021;7229.21
11/04/2020;7203.95
14/11/2021;7193.21
12/03/2020;7180.65
03/08/2022;7171.62
05/03/2019;7169.76
14/05/2023;7161.63
01/02/2020;7118.71
25/04/2021;7037.88
03/01/2022;7004.55
20/05/2020;6993.36
21/03/2020;6989.62
05/08/2019;6988.5
28/06/2022;6978.64
10/06/2023;6978.43
17/07/2019;6922.24
06/03/2022;6900.7
31/10/2021;6874.22
04/06/2020;6867.27
01/01/2020;6862.29
19/07/2021;6822.63
01/03/2021;6814.51
05/08/2021;6813.4
26/05/2021;6803.95
10/03/2020;6793.45
30/09/2021;6790.34
07/07/2020;6787.55
09/09/2021;6778.52
28/02/2022;6737.55
04/12/2019;6736.1
11/05/2021;6714.42
15/02/2020;6695.66
21/10/2020;6677.53
17/02/2020;6676.3
21/11/2020;6674.54
08/11/2019;6589.96
08/06/2021;6555.7
18/02/2020;6519.43
11/08/2020;6476.2
06/02/2020;6465.0
26/07/2020;6359.6
26/05/2022;6330.38
06/12/2020;6293.4
08/05/2022;6279.47
16/10/2021;6167.5
29/07/2020;6156.36
23/07/2020;6153.13
18/07/2023;6113.21
26/06/2021;6096.46
22/04/2023;6078.33
21/08/2020;6048.25
31/07/2020;6047.3
27/05/2020;6047.15
05/06/2022;6041.5
02/10/2020;6005.74
10/12/2021;6005.48
14/05/2021;5999.39
17/02/2022;5987.01
19/09/2020;5969.77
26/06/2022;5958.41
25/07/2019;5881.08
06/09/2021;5840.08
03/01/2020;5834.87
12/12/2022;5828.85
29/08/2020;5825.1
14/12/2021;5822.05
12/01/2022;5818.57
20/02/2020;5795.77
03/07/2020;5778.21
16/08/2019;5762.34
14/03/2021;5737.21
10/02/2021;5714.18
16/07/2020;5709.35
30/04/2021;5703.07
18/05/2021;5698.01
25/12/2019;5693.1
25/03/2020;5688.72
08/01/2023;5674.45
18/01/2020;5670.0
19/10/2020;5666.61
27/07/2021;5658.1
05/12/2019;5649.8
02/03/2021;5585.41
01/12/2020;5567.1
29/01/2020;5549.65
02/01/2021;5544.39
21/12/2019;5492.65
20/04/2020;5414.3
09/09/2019;5407.2
29/10/2021;5389.08
05/10/2019;5381.15
09/10/2021;5374.79
22/01/2023;5371.49
25/08/2022;5327.58
31/01/2023;5324.74
11/05/2020;5309.76
10/12/2019;5280.96
25/09/2020;5270.61
28/04/2022;5268.13
05/09/2020;5260.12
28/12/2021;5255.73
14/01/2021;5245.05
24/08/2020;5244.05
31/01/2019;5244.0
16/11/2021;5198.58
13/12/2019;5191.0
22/12/2020;5180.66
08/02/2020;5178.76
26/12/2020;5124.15
27/09/2019;5117.46
25/10/2021;5091.52
08/10/2020;5077.05
06/05/2021;5073.84
12/06/2020;5056.09
18/02/2022;5044.8
10/01/2019;5021.65
11/09/2019;5016.8
18/03/2020;5011.0
08/12/2021;5004.4
21/07/2019;5001.0
19/02/2021;4949.34
17/04/2021;4934.62
06/12/2021;4915.69
18/06/2022;4904.7
01/08/2020;4894.47
02/08/2019;4870.6
13/09/2020;4820.85
14/04/2020;4817.92
06/01/2019;4814.04
26/02/2022;4811.52
14/11/2020;4799.9
09/04/2021;4797.61
09/10/2019;4793.7
04/07/2020;4759.26
10/09/2021;4749.03
19/01/2021;4745.4
23/11/2021;4709.61
21/06/2020;4707.61
11/06/2020;4696.58
02/11/2020;4687.52
10/06/2021;4666.36
14/07/2020;4665.0
26/10/2021;4654.62
26/06/2020;4654.59
12/04/2021;4649.76
18/06/2021;4641.0
03/08/2021;4626.41
17/12/2020;4614.56
01/04/2021;4601.7
03/02/2020;4594.8
22/11/2020;4592.31
20/11/2020;4551.0
22/11/2019;4548.31
25/11/2019;4521.16
28/05/2021;4507.8
12/08/2021;4499.5
24/10/2022;4498.3
13/08/2021;4492.13
03/05/2021;4481.05
22/07/2020;4480.25
22/04/2020;4444.08
14/09/2021;4444.05
25/02/2021;4383.05
06/04/2021;4364.75
02/02/2022;4361.16
08/04/2020;4358.45
01/05/2020;4354.7
10/02/2020;4339.42
05/07/2021;4324.96
16/07/2022;4305.49
25/05/2021;4305.02
12/10/2019;4293.24
21/12/2020;4286.0
01/09/2021;4277.48
29/04/2020;4270.65
12/05/2020;4211.7
01/01/2021;4197.48
13/05/2019;4190.72
06/03/2021;4188.64
03/11/2020;4167.94
29/05/2020;4151.2
23/09/2020;4151.01
10/10/2020;4131.0
04/08/2019;4129.3
03/11/2019;4106.0
08/02/2021;4097.1
12/06/2021;4081.62
17/06/2020;4079.42
13/04/2020;4057.35
04/06/2021;4057.1
12/08/2020;4001.16
19/07/2019;3987.81
07/01/2022;3956.36
09/07/2020;3929.87
24/05/2020;3923.86
11/02/2021;3912.18
23/11/2019;3900.58
07/03/2020;3899.9
17/03/2021;3874.06
02/07/2019;3869.7
23/04/2021;3860.3
08/03/2019;3857.0
27/06/2022;3844.43
13/03/2020;3838.86
15/10/2019;3834.9
29/03/2023;3807.93
05/08/2020;3804.25
08/05/2019;3791.76
04/04/2020;3780.5
30/06/2021;3778.36
28/06/2020;3730.76
27/12/2021;3728.9
24/05/2021;3726.86
24/01/2021;3709.3
08/09/2019;3705.24
09/09/2020;3702.41
30/01/2021;3687.19
20/03/2020;3671.27
03/04/2021;3656.24
24/11/2020;3649.46
03/06/2020;3618.0
15/06/2021;3601.63
01/01/2022;3598.79
11/12/2021;3598.1
21/09/2021;3575.28
08/08/2020;3565.3
08/01/2020;3556.86
19/04/2020;3529.67
16/03/2022;3525.95
17/03/2020;3522.97
26/02/2020;3503.67
03/07/2021;3490.86
11/04/2019;3490.0
06/09/2019;3457.62
23/07/2019;3453.38
07/06/2020;3451.16
01/03/2020;3451.0
03/09/2020;3419.25
20/08/2021;3413.69
05/03/2020;3384.98
13/09/2021;3379.67
23/09/2021;3374.85
23/04/2019;3357.81
16/05/2020;3343.81
03/10/2021;3300.4
22/06/2019;3282.1
17/06/2019;3239.46
17/04/2020;3219.66
28/12/2020;3212.2
13/11/2021;3211.66
19/11/2020;3205.65
21/05/2020;3205.17
15/08/2019;3189.71
22/09/2023;3187.21
03/04/2020;3149.65
02/09/2021;3136.35
30/10/2020;3129.95
06/10/2020;3120.55
31/05/2021;3101.95
04/01/2022;3100.43
29/03/2021;3086.0
15/04/2023;3082.02
09/10/2020;3078.12
15/07/2019;3063.05
23/11/2020;3050.7
22/05/2020;3049.85
26/04/2019;3027.04
09/11/2020;2985.0
21/05/2021;2973.67
30/03/2019;2970.52
14/01/2023;2969.51
14/04/2021;2966.45
25/10/2019;2949.65
20/12/2021;2907.1
15/07/2020;2900.41
27/03/2020;2887.6
04/12/2020;2857.33
31/03/2020;2856.0
01/05/2021;2854.89
16/12/2019;2833.76
16/04/2020;2807.36
30/09/2019;2799.25
24/03/2020;2793.0
24/08/2021;2788.39
02/09/2019;2782.62
21/08/2019;2782.16
13/07/2021;2760.7
20/09/2020;2759.24
02/04/2021;2753.16
14/10/2019;2744.13
21/07/2020;2716.35
07/08/2020;2703.38
16/01/2020;2667.95
01/11/2020;2657.0
15/03/2020;2653.47
21/06/2021;2647.38
16/11/2020;2620.48
27/03/2019;2619.0
13/06/2020;2610.0
22/08/2019;2609.71
22/07/2021;2594.7
06/07/2020;2580.21
24/05/2019;2579.95
03/12/2019;2550.55
14/11/2019;2544.9
09/01/2022;2492.15
04/08/2020;2492.0
08/05/2020;2490.17
20/10/2020;2478.9
07/11/2022;2461.1
13/02/2020;2460.5
27/10/2021;2451.71
19/03/2021;2448.05
13/12/2020;2445.59
12/09/2021;2417.92
16/08/2020;2399.7
08/12/2019;2376.0
09/05/2019;2375.9
23/06/2020;2332.0
17/09/2020;2307.16
13/03/2021;2305.48
10/07/2020;2299.8
23/08/2020;2260.0
01/08/2019;2238.25
21/01/2021;2231.55
22/09/2020;2223.67
25/02/2019;2215.64
08/08/2019;2205.8
19/03/2020;2198.6
12/04/2022;2196.06
04/10/2020;2185.0
12/04/2020;2181.95
23/05/2019;2172.41
12/11/2020;2155.9
14/09/2020;2143.55
27/07/2020;2141.73
08/01/2021;2122.75
24/04/2019;2122.67
10/11/2019;2118.48
11/06/2019;2091.22
09/03/2020;2066.06
04/11/2019;2052.4
13/06/2021;2049.7
09/12/2020;2002.33
03/08/2019;2000.0
08/12/2020;1968.7
06/03/2020;1945.46
16/09/2020;1932.0
13/05/2020;1919.76
28/09/2020;1873.4
01/04/2022;1850.6
07/08/2021;1827.19
25/10/2020;1826.0
25/04/2019;1824.0
30/06/2020;1796.95
03/09/2019;1790.0
19/05/2020;1790.0
03/02/2021;1779.8
24/04/2021;1777.2
18/08/2020;1772.7
11/02/2020;1767.06
11/03/2021;1762.62
07/02/2020;1755.72
18/07/2020;1746.5
27/06/2021;1739.75
12/02/2021;1702.3
26/05/2019;1690.0
20/03/2021;1687.4
21/02/2020;1685.86
20/08/2020;1681.76
07/05/2020;1644.8
29/05/2022;1635.3
28/01/2020;1628.25
29/01/2021;1627.66
05/01/2021;1625.35
17/03/2019;1610.0
05/02/2020;1606.0
11/12/2020;1601.9
19/08/2019;1599.5
12/01/2020;1594.75
02/06/2020;1574.6
20/11/2019;1564.65
13/08/2020;1562.95
20/12/2020;1561.71
12/06/2019;1554.0
15/01/2020;1538.74
01/12/2021;1520.15
25/06/2019;1506.55
26/01/2020;1501.4
24/04/2020;1487.4
23/05/2020;1481.62
22/10/2020;1449.9
23/06/2019;1427.72
09/08/2021;1418.12
14/08/2019;1416.0
07/02/2021;1409.02
19/01/2020;1405.41
21/01/2020;1402.37
03/08/2020;1391.1
15/04/2020;1388.8
23/04/2020;1383.81
30/03/2020;1383.75
16/02/2020;1378.02
13/06/2019;1360.0
09/03/2021;1349.8
29/05/2021;1349.26
22/12/2019;1323.0
07/12/2019;1298.65
05/01/2020;1265.05
14/09/2019;1249.25
27/11/2020;1222.46
13/08/2019;1221.35
22/10/2019;1212.25
27/01/2020;1200.0
15/09/2020;1199.85
12/02/2020;1199.81
01/05/2019;1191.02
26/12/2019;1183.58
26/05/2020;1170.1
07/05/2019;1167.36
29/09/2019;1163.9
19/06/2019;1152.0
29/06/2019;1141.95
28/03/2020;1139.5
31/01/2020;1120.0
07/03/2021;1094.95
12/12/2020;1090.55
03/01/2021;1074.9
27/04/2019;1036.0
12/08/2019;1026.0
29/11/2019;1002.88
16/02/2021;1002.5
06/04/2020;1000.56
16/10/2019;1000.0
14/12/2019;1000.0
29/12/2019;990.0
14/03/2020;990.0
10/05/2020;956.71
11/07/2020;953.85
26/04/2020;944.76
05/06/2019;940.5
10/12/2020;937.1
24/09/2020;933.56
05/11/2019;900.0
19/09/2019;883.75
04/05/2020;882.36
10/08/2020;863.75
22/11/2021;859.9
01/10/2019;845.0
14/06/2021;843.06
05/09/2019;839.72
30/09/2020;828.43
04/05/2021;799.6
24/02/2020;799.26
31/10/2019;793.86
28/11/2019;790.0
11/01/2020;772.2
02/04/2020;760.4
11/12/2019;759.05
03/05/2020;754.8
19/03/2019;753.35
28/07/2019;749.25
24/06/2019;747.5
04/06/2019;745.59
27/10/2019;719.2
29/03/2019;716.01
11/03/2020;702.0
26/07/2019;695.0
04/11/2020;653.75
12/02/2019;629.72
24/12/2019;604.85
29/05/2019;590.0
31/08/2020;574.2
04/09/2019;562.02
29/10/2019;561.9
02/05/2020;545.0
20/07/2020;531.75
28/09/2019;530.3
23/01/2020;517.86
08/10/2019;514.95
30/04/2020;509.95
28/11/2020;509.25
21/02/2021;504.85
03/05/2019;502.5
10/09/2019;500.0
10/10/2019;500.0
22/02/2020;499.95
29/02/2020;497.7
25/08/2019;495.0
02/03/2019;490.0
29/10/2020;474.81
14/06/2020;470.85
07/09/2019;464.9
18/02/2019;449.9
07/04/2020;447.16
21/02/2019;445.0
28/08/2020;425.0
15/02/2019;425.0
20/03/2019;399.95
20/10/2019;399.7
21/10/2019;398.81
11/07/2021;389.7
04/04/2019;369.9
18/10/2019;360.0
22/04/2019;360.0
12/12/2019;359.9
14/10/2020;350.0
04/10/2019;325.0
26/08/2019;324.95
15/04/2019;324.75
23/09/2019;319.9
25/02/2020;310.0
22/05/2019;310.0
25/09/2019;300.0
30/06/2019;300.0
27/05/2019;300.0
31/03/2021;285.0
07/08/2019;280.0
08/07/2019;275.0
13/11/2019;269.85
14/03/2019;269.8
27/06/2019;259.9
19/10/2019;249.9
12/05/2021;249.5
30/10/2019;247.95
28/06/2019;247.45
08/04/2019;240.0
23/10/2019;230.0
13/07/2020;225.0
21/03/2019;224.95
09/12/2019;220.0
03/03/2020;219.8
14/07/2019;203.75
16/06/2019;200.0
10/06/2019;199.95
05/04/2020;199.95
22/08/2020;199.4
23/02/2019;190.0
28/02/2020;189.9
27/11/2019;184.9
14/05/2019;172.5
30/07/2019;169.5
26/11/2019;164.95
17/09/2019;153.0
06/05/2020;149.95
22/07/2019;149.9
07/01/2019;140.0
05/05/2019;129.9
27/08/2019;127.5
18/05/2020;125.0
04/02/2019;125.0
20/08/2019;125.0
01/09/2019;120.0
24/10/2019;120.0
11/05/2019;107.5
11/10/2019;104.85
14/02/2020;102.5
01/04/2019;99.75
26/03/2020;89.95
12/05/2019;84.95
12/09/2019;83.3
26/09/2019;76.35
21/05/2019;75.0
30/01/2019;74.5
17/01/2020;64.95
10/08/2019;64.95
27/12/2019;61.0
09/03/2019;50.0
12/04/2019;38.4
